Title,City,Country_code,Marker_icon,Workplace_type,Experience_level,Published_at,Remote_interview,Remote,Company_size_from,Company_size_to,salary_from_permanent,salary_to_permanent,salary_currency_permanent,skills_name_0,skills_value_0,skills_name_1,skills_value_1,skills_name_2,skills_value_2
"Software Developer Visual Studio C++/C#
Software Developer Visual Studio C++/C# (m/f)
Angular Frontend Developer (m/f)
QA Engineer (m/f)
Software Support Engineer (m/f)
Senior Frontend Developer",Wiede≈Ñ,AT,c,remote,mid,2022-10-27T09:00:14.648Z,TRUE,TRUE,11,50,15369.955,15369.955,eur,C#,3,C++,3,Visual Studio,3
"Fullstack Javascript Developer
React Native Developer",Sydney,AU,javascript,remote,mid,2022-03-18T13:10:00.000Z,FALSE,TRUE,51,200,26772.14727,37437.47424,usd,AWS,3,React,3,Node.js,3
"App Developer - In-Vehicle tech
Email Developer
Developer Programmer
Web Developer",Sydney,AU,c,remote,senior,2022-04-17T13:00:14.738Z,TRUE,TRUE,501,1000,40049.39104,42661.30785,usd,C#,5,unknown,0,unknown,0
"Software Developer Internship
Graduate FPGA Developer",Sydney,AU,java,remote,mid,2022-03-28T14:00:30.989Z,FALSE,TRUE,1000,5000,46579.18306,46579.18306,usd,Java,3,C#,3,C++,3
Software Engineer,Sydney,AU,c,remote,mid,2022-03-28T14:00:30.989Z,TRUE,TRUE,5001,10000,21765.97339,27860.44594,usd,Python,3,C#,3,unknown,0
Java Software Engineer,Sofia,BG,java,remote,mid,2022-10-01T13:00:09.924Z,FALSE,TRUE,51,200,14544.9,29089.8,eur,SQL,3,Kotlin,3,Java,3
Senior Ruby Engineer (100% Remote),Sofia,BG,ruby,remote,senior,2022-11-09T10:00:00.000Z,TRUE,TRUE,300,400,26313.25184,37655.17074,usd,AWS,4,NoSQL,4,Ruby,4
Infrastructure Engineer,Genewa,CH,other,remote,senior,2022-04-27T10:00:12.966Z,FALSE,TRUE,11,50,14509.19786,27207.46674,usd,MongoDB,4,SaaS,4,Networking,5
"AEM Tech Lead
Java Full Stack Developer",Ticino,CH,java,remote,senior,2022-06-30T10:26:00.000Z,TRUE,TRUE,51,200,31080.96386,58865.46185,chf,OSGI,4,Sling Servelets,4,Java,4
Senior Fullstack Software Developer Odoo,Z√ºrich,CH,python,remote,senior,2022-07-14T09:13:22.888Z,TRUE,TRUE,70,100,25567.2,28944,eur,Linux,4,HTML,4,JavaScript,4
"Senior Full Stack Developer
Unity/C# Developer
Unity Engine Technical Artist
AR Unity Developer
Unreal Technical Artist
Web Games Developer
VFX Artist",Nicosia,CY,javascript,remote,senior,2022-05-13T11:53:00.000Z,TRUE,TRUE,50,200,18057.96822,22572.46028,usd,React Native,5,React,5,Node.js,5
(Mid / Senior) Backend Developer w AWS,Berlin,DE,javascript,remote,senior,2022-08-09T11:25:00.000Z,TRUE,TRUE,10,0,18709.2,23386.5,eur,ECS,4,EC2,4,Node.js,4
Python / Django Web Developer (f/m/d),K√∂ln,DE,python,partly_remote,mid,2022-05-24T12:51:00.000Z,TRUE,FALSE,10,25,13804.5,17255.625,eur,Unit Testing,3,Python,3,Django,4
"Lead Developer (DeFi/ Blockchain)
Senior Ruby Engineer
Senior Flutter Developer m/f/d",Berlin,DE,python,remote,senior,2022-04-23T10:00:12.442Z,FALSE,TRUE,11,50,34517.44221,55227.90753,gbp,Go,3,Python,3,Blockchain,3
Full-Stack Remote Developer,M√ºnchen,DE,javascript,remote,senior,2022-04-24T14:00:15.336Z,TRUE,TRUE,20,30,16263.1,32526.2,eur,JavaScript,4,ReactJS,4,TypeScript,4
"Cloud Platform Engineer
Senior Frontend Engineer
QA Automation Engineer
Fullstack .NET Developer
WordPress BlockEditor Front-end Developer (m/f/d) - Remote",Berlin,DE,data,partly_remote,mid,2022-04-14T13:00:24.200Z,TRUE,FALSE,50,200,20909.7,31132.22,eur,Cloud,3,API,3,Javascript/ Python,3
"Senior Back-End Java Engineer (Relo to Berlin)
Technical Support Engineer
Senior Ruby Engineer - Remote (EU)",Berlin,DE,java,partly_remote,senior,2022-08-02T14:33:00.000Z,TRUE,FALSE,50,100,25639.344,27457.2,eur,MySQL,3,Java,4,Spring Boot,4
"Senior Software Engineer
Senior Cloud Security Engineer",Berlin,DE,go,remote,senior,2022-04-23T12:00:23.587Z,TRUE,TRUE,180,250,29250,40050,pln,DevOps,4,Cloud Computing,4,Distributed systems,4
"Women in Tech - Leadership Munich/Remote
Frontend Tech Lead (Typescript, React)
Backend Tech Lead (Javascript/ Python)
Women Leadership in Tech
Tech Lead - Engineering
Tech Lead (Python, AWS) (f/x/m)
Tech Lead (Typescript, React) (f/x/m)
Technical Writer
Senior React Native Engineer
Senior Backend Engineer (NodeJS)
Senior Data Engineer (Python, AWS)
Senior Frontend Engineer (ReactJS, TypeScript)
Data Engineer
Fronend Engineering
Sr Backend Engineer (Python/ TypeScript)
Senior Frontend Engineer - Munich/Remote
Backend Engineer - Node.Js
Women in Tech
Women in Tech all levels - Munich/Remote",M√ºnchen,DE,javascript,remote,senior,2022-08-03T14:47:00.000Z,TRUE,TRUE,300,400,35079.75,46773,eur,React,3,Python,3,TypeScript,3
Software Engineer (d/f/m),Berlin,DE,other,partly_remote,mid,2022-10-01T09:00:14.022Z,TRUE,FALSE,500,600,18990.7911,34340.5089,eur,Testing,3,English,4,C++,4
"Senior Data Scientist, Marketing",Berlin,DE,data,remote,senior,2022-06-27T13:35:00.574Z,TRUE,TRUE,1001,5000,30073.6,39001.7,eur,Fluent in English,5,SQL,5,Marketing-mix modelling,5
Software Engineer - Cloud Infrastructure,Copenhagen,DK,python,remote,senior,2022-09-30T11:00:13.481Z,TRUE,TRUE,30,50,36362.25,53331.3,eur,Prometheus,4,Python,4,Kubernetes,4
Senior Backend Engineer (NodeJS),Tallin,EE,javascript,remote,senior,2022-10-27T08:40:00.000Z,TRUE,TRUE,300,400,29740.625,40447.25,eur,TypeScript,3,JavaScript,4,Node.js,4
Mid/Senior Fullstack Javascript,Barcelona,ES,javascript,remote,mid,2022-04-22T10:00:31.462Z,FALSE,TRUE,11,50,13554.1322,19362.3822,eur,Node.js,4,React Native,4,JavaScript,4
SRE,Manresa,ES,devops,remote,senior,2022-06-27T14:16:00.000Z,TRUE,TRUE,15,20,19576.034,31323.534,eur,Linux,4,Mesh,4,Kubernetes,4
Node.js Developer,Barcelona,ES,javascript,remote,mid,2022-06-03T11:17:00.000Z,FALSE,TRUE,50,100,17753.62913,26899.43807,gbp,PostgreSQL,4,Node.js,4,Git,4
Java Full Stack Developer,Madrid,ES,java,remote,mid,2022-06-30T11:12:00.000Z,TRUE,TRUE,51,200,19307.87149,38615.74297,chf,Hibernate,4,SpringBoot,4,Java,4
Full stack developer,Turku,FI,javascript,remote,senior,2022-05-13T05:41:11.573Z,TRUE,TRUE,10,20,18672,23340,eur,JavaScript,4,TypeScript,4,React Native,5
Platform Software Engineer,Londyn,GB,python,remote,senior,2022-04-19T07:00:34.768Z,TRUE,TRUE,1,10,21765.97339,32648.96009,usd,Heroku,4,PostgreSQL,4,Python,4
"Frontend Developer
Back End Developer",London,GB,javascript,remote,mid,2022-09-29T11:23:00.000Z,TRUE,TRUE,10,15,13726.78369,13726.78369,gbp,Redux,3,TypeScript,3,React,3
"Senior Next.js Frontend with Web3
Senior Python Developer
Angular Frontend Developer
Golang Developer",London,GB,javascript,remote,senior,2022-04-27T11:00:22.766Z,TRUE,TRUE,11,50,32648.96009,38090.45344,usd,web3.js,4,Next.js,4,ReactJS,4
"Backend Software Engineer
Development Manager
Data Analyst
Software Engineer
Full Stack Developer
Ruby Developer",London,GB,other,remote,mid,2022-04-27T15:00:12.711Z,TRUE,TRUE,21,100,27613.95376,45839.16325,gbp,Elixir,3,API,3,unknown,0
"Senior Backend Engineer (Java/Kotlin)
Senior Backend Engineers",Londyn,GB,java,remote,senior,2022-03-14T14:00:20.282Z,TRUE,TRUE,51,200,45342.87577,61671.70901,usd,Kotlin,5,Java,5,unknown,0
"Senior Cloud Security Engineer
Senior Software Engineer",London,GB,security,remote,senior,2022-04-23T13:00:11.733Z,TRUE,TRUE,180,250,32940,47520,pln,DevSecOps,4,Securing SDLC,4,Cloud security,4
Front-End Web App Developer,Gibraltar,GI,javascript,remote,senior,2022-03-24T17:00:13.818Z,TRUE,TRUE,30,50,24852.55839,30375.34914,gbp,CSS,4,TypeScript,4,JavaScript,4
"Senior .NET Software Engineer
Java Software Engineer
QA Automation Engineer",Ateny,GR,net,remote,senior,2022-07-08T11:11:00.000Z,FALSE,TRUE,51,200,14289,28578,eur,CI/CD,4,.NET Core,4,.Net,4
Head of Data Engineering,Budapeszt,HU,data,remote,senior,2022-06-02T13:00:00.000Z,TRUE,TRUE,50,200,21414.25909,42828.51817,usd,Scala,4,AWS,4,Python,4
"iOS Developer
Full Stack Developer",Budapeszt,HU,mobile,remote,mid,2022-04-14T09:00:00.000Z,TRUE,TRUE,50,100,18225.20948,29823.07007,gbp,Kotlin,1,Objective-C,3,Swift,3
Product Manager - Operational Excellence,Dublin,IE,pm,remote,senior,2022-03-20T17:00:12.194Z,TRUE,TRUE,50,100,23233,32526.2,eur,.NET Core,5,unknown,0,unknown,0
"Back End Engineer | Operations
Android Engineer
iOS Engineer
Front End Engineer | Demand",Mediolan,IT,php,remote,mid,2022-04-27T09:16:59.224Z,FALSE,TRUE,201,500,13475.14,17192.42,eur,MySQL,3,Python,3,PHP,3
Head of Java Unit,Wilno,LT,java,remote,senior,2022-10-25T11:50:00.000Z,FALSE,TRUE,51,200,30930.25,38068,eur,SQL,3,Software Development,4,Java,4
"Backend Software Engineer
Android Software Engineer
Analytics Engineer, Monetisation",Wilno,LT,ruby,remote,junior,2022-04-26T08:30:22.473Z,TRUE,TRUE,1001,5000,15700.8614,30109.968,eur,Data Structures,3,Functional Programming,3,Software Engineering,3
PHP developer,Esch-sur-Alzette,LU,php,remote,mid,2022-05-17T13:25:06.377Z,TRUE,TRUE,15,20,23441.5,30473.95,eur,Shell,3,Python,3,JavaScript,4
Senior Android Developer,Rotterdam,NL,mobile,partly_remote,senior,2022-03-21T09:00:19.417Z,TRUE,FALSE,20,30,19160,23950,pln,REST,4,Kotlin,4,Android,4
"Software Engineer (Python)
Web Backend Developer (Go)",Amsterdam,NL,python,remote,senior,2022-04-24T07:00:18.624Z,TRUE,TRUE,51,200,21765.97339,30472.36275,usd,Kubernetes,2,Java,4,Python,4
Software Engineer,Oslo,NO,python,remote,senior,2022-04-19T07:00:34.768Z,TRUE,TRUE,11,50,15487.1178,27103.6178,eur,Node.js,4,C++,4,Python,4
Lead Product Designer,M√•l√∏y,NO,ux,remote,senior,2022-06-22T14:37:57.461Z,TRUE,TRUE,50,100,38000,44000,pln,Lead,5,Figma,5,English,5
"Technical Team Leader
Senior Fullstack Developer
Senior React Developer
Business Analyst
Java Developer
Frontend Developer
IT Server Specialist
Android Developer Mid/Senior
Java Developer (Mid)
.NET Developer
Technical Support with German
Frontend Developer
Junior C# Developer
E-learning developer
E-learning developer
E-learning developer
Junior Service Specialist
Tester oprogramowania
Junior PHP Developer (Sta≈º/Intern)
Data Scientist / ML Engineer
Full stack developer (React.js + Node.js/Python) / Tech Lead
Frontend developer (React)
Data scientist
Full Stack Developer - Web Developer
Full Stack Developer - Web Developer
Junior Data Analyst
IT Support with French/Dutch
(Junior) Banking Operations Specialist
IT Support with German
Senior Data Engineer
Data / Enterprise Architect
Senior Embedded C++ Developer
AUTOSAR Engineer
C++ Software Engineer (CAD/CAM)
C++ / C# Engineer
Embedded Software Engineer
Senior Java Developer
Senior PHP Developer
Software Engineer C#/C++/C
Golang Developer
C++ / C# Engineer
C++ Engineer
System Testing Engineer
Senior Java Developer
C# .NET Developer
Experienced DevOps Engineer (Kubernetes)
Data Architect (DWH/ETL)
Senior Flutter Developer
DevOps Engineer
.NET/C# Developer
Mid Java Developer
Vue.js dev to be Fullstack
Vue.js dev to be Fullstack
Python Developer
Web Developer
Backend Developer
UI/UX Designer
Frontend Developer
Test Engineer
Junior Software Engineer
Junior Embedded Developer
Technical Support Engineer
IT Solutions Developer (SQL)
Junior Vue.js dev to be Fullstack
Junior Vue.js dev to be Fullstack
PROGRAMISTA PHP
Front-end Developer
Junior Frontend Developer (React)
Junior Frontend Developer (React)
Remote IT Technical Support with German
Magento 2 Junior Backend Developer
Junior Frontend Developer - React, TS
Tester/Opiekun klienta/Wsparcie handlowe
IT Technical Support with Spanish
Junior Web Developer
FullStack Developer (Python)
Senior Big Data Engineer
Senior BI Developer
React Frontend Developer
Performance Tests Automation Engineer
Automation Test Engineer (QA)
DWH Developer
ServiceNow Developer
Microsoft Dynamics 365 Support Engineer
Support Engineer L2 (SQL, IIS)
Application Administrator
Junior SysOp / SysOp
Konsultant techniczny (IT Helpdesk)",Warszawa,PL,java,partly_remote,senior,2022-05-16T11:56:10.993Z,TRUE,FALSE,1,10,30000,38000,pln,TDD,4,Java,5,Scrum,5
"DevOps Engineer
Magento Developer (Middle, Senior)
Business Relationship / Matching Manager
Junior Developer/Support Engineer
Junior React Developer
React.js developer (regular)
UX/UI Designer (regular)",Warszawa,PL,devops,remote,mid,2022-07-01T09:43:00.000Z,TRUE,TRUE,1,5,17000,34000,pln,CI/CD,4,Kubernetes,4,Docker,4
"Middle/Senior Full Stack Developer
Frontend Developer
Programista PHP/Laravel | Jun/Mid | etat
FRONTEND DEVELOPER (ANGULAR)
PHP Backend Developer",Krak√≥w,PL,javascript,remote,mid,2022-10-01T13:00:09.924Z,TRUE,TRUE,1,9,16000,26000,pln,React,3,JavaScript,3,TypeScript,3
"Senior iOS Developer (Poland/remote)
System Administrator
Node.js Developer
Development Manager
Data Analyst
Java Developer
Head Of Data Engineering
Team Lead Frontend Developer
Data Engineer
Data Engineer
Senior Node.js developer
Senior Full Stack Developer
Java Developer Multi-Project Consultant
Full-Stack Engineer (React, Node.js)
Frontend Developer
Full Stack Developer
iOS Developer
Ruby Developer
Full Stack Developer
Software Engineer
Software Engineer
Java Team Lead
Frontend Chapter Lead
Mobile Team Lead
Senior Full Stack Engineer
AWS DevOps Engineer
QA Automation Expert
Agile Coach Lead
Senior Android Developer
Angular Developer_ka z mindsetem DevOps
Software Engineer with AWS
Senior Full Stack Engineer
Agile Coach
Senior Data Quality Analyst
Mid Frontend Developer (JavaScript)
Automation Expert
DevOps Engineer
Angular Developer
Back-End Developer
Front-End Developer  (Angular)
Back-End Developer
.Net Developer
Mid Vue.js Developer
Mid Flutter Developer
Office 365 Consultant
Office 365 Consultant - Security
Office 365 Consultant
Azure/SharePoint Developer
Full Stack Web Developer
Fullstack Developer
Fullstack Developer
Agile Coach
QA Automation Engineer II
Power Platform Developer
Workday Analyst
Frontend Developer
iOS Developer
Quality Assurance Engineer
Test Automation Engineer
Line Manager
Scrum Master
Product manager
Test Automation Engineer
Head of Project Management
Senior Automation Engineer
Full Stack Developer
Full Stack Developer
Full Stack Developer
Mid Angular Developer
QA Automation Engineer (Mobile)
Agile Project Manager
UI Designer
Frontend Developer (VUE.JS)
Specjalista ds. bezpiecze≈Ñstwa IT
Specjalista ds. bezpiecze≈Ñstwa IT
Scrum Master
Linux System Administrator / SysOps
Linux System Administrator / SysOps
Linux System Administrator / SysOps
Frontend Developer_ka
Frontend Developer (i co≈õ wiƒôcej)
Back-End Developer
Back-End Developer
.Net Developer
QA Automation Engineer I
Test Engineer
Mid PHP Developer
DevOps
Automation Engineer
Frontend Developer
Analityk Biznesowo-Systemowy
PHP Developer_ka
PoczƒÖtkujƒÖcy Angular Developer
UX/UI Designer
TEST AUTOMATION ENGINEER
UX/UI Designer
QA Engineer
Frontend Developer do Design System
Frontend Developer
Administrator sieci
Junior Android Developer
Junior Fullstack Developer (JavaScript+Node.js)
Specjalista ds. wdro≈ºe≈Ñ system√≥w IT
Back-End Developer
Junior PHP Developer_ka
Administrator
IT Support Specialist
Junior Flutter Developer
Junior Vue.js Developer
Software QA Specialist
Software Engineer with AWS
IT Support Specialist
Software Tester (junior/middle)
M≈Çodszy Specjalista ds. IT
IT Support Specialist
Junior PHP Developer
Konsultant Helpdesk
Konsultant Helpdesk
M≈Çodszy Specjalista ds. IT
Android Software Developer
Tech Lead (Customer Success team)
Mid/Senior Product Owner
.Net Software Developer
Project Manager
Frontend Developer
Analityk danych
IT Support Specialist
Mid/Senior Ruby on Rails Developer
Mid/Senior React + TypeScript Developer
Senior Fullstack Software Developer Odoo
Programista PHP
IT Specialist
Lead Front End Developer
Java Tech Lead
Head of Product Design
Senior Frontend Developer
Senior Frontend Developer
Senior .NET Developer
Java Developer
Administrator Sieci Telekomunikacyjnych
Frontend Developer
Frontend Developer
Frontend Developer
Python Developer (future Data Scientist)
DevOps Engineer
DevOps Engineer
Product Manager
Full Stack Developer
Front-End Developer
Quality Assurance Specialist
IT Recruiter
Software Tester
Junior QA Specialist
Junior Tester
IT Administrator
IT Administrator
IT Administrator
Technical Support Engineer
In≈ºynier Systemowy Linux
Information Compliance Officer
Specjalista ds. przetwarzania danych
IT Support Specialist (1st line) (MID)
Praktyki IT - programista Java",Krak√≥w,PL,mobile,remote,senior,2022-11-13T10:00:10.393Z,FALSE,TRUE,1,100,14000,22000,pln,CI,3,CD,3,iOS,4
".NET Developer
Angular Front End Developer
QA Engineer
QA Engineer
M≈Çodszy Programista Java
Python Developer
DevOps
Java/Blockchain Developer
Java/Blockchain Developer
FrontEnd Developer (Web)
FrontEnd Developer (Web)
FrFrontEnd Developer (Web)
Remote Senior Mobile Developer (Android/iOS)
Senior Developer (Angular/ React)
Remote Senior Java Backend Developer
Senior Back-end JAVA Developer
Architekt rozwiƒÖza≈Ñ
PHP Backend Developer
Starszy Projektant UX/UI
FullStack Developer (Angular, PHP)
FullStack Developer (Angular, PHP)
Senior System Administrator
Atlassian System Administrator
Remote Mid Mobile Developer (Android/iOS)
Mid Developer (Angular/ React)
Remote Mid Java Backend Developer
Starszy Analityk Biznesowo - Systemowy
QA Automation Engineer
Atlassian System Administrator
Release Manager
IT Service Desk System Administrator
Administrator System√≥w Windows
Analityk Biznesowo ‚Äì Systemowy
UX/UI Designer
UX/UI Designer - Mobile
UX/UI Designer (Mobile)
Programista C#",≈Å√≥d≈∫,PL,net,partly_remote,mid,2022-04-02T17:00:13.108Z,TRUE,FALSE,1,1000,10000,15000,pln,SQL,1,Scala,1,.Net,1
"UI Developer
Angular.js developer
JAVA Developer
JAVA DEVELOPER
Android Developer
Android Developer
PHP Developer
PHP Developer
PHP Developer
PHP Developer
UX / UI Designer
PHP Developer
JAVA DEVELOPER
Angular Web Developer
Programista Python Junior
Junior Frontend Developer
Analityk biznesowo-systemowy
Konsultant ds. wdro≈ºe≈Ñ system√≥w ERP
Konsultant ds. system√≥w ERP - obszar HR
DevOps Ninja
DevOps Wizard
Senior software developer
React Developer
Junior DevOps Engineer
Full-Stack Remote Developer
C++ Developer for Google
Senior Backend Developer - Golang
Backend Engineer (NodeJS)
Application Engineer - Linux/Unix
Application Administrator
Project Manager
Java Developer
Application Management Engineer
Operation Engineer with Linux/Unix
Mid/Senior Full Stack Laravel Vue.js Dev
Application Manager
Application Support Engineer
Senior .Net Developer
Senior .Net Developer
Senior .Net Developer
Python Developer
Mid Front-End developer (JavaScript)
Mid Front-End developer (JavaScript)
Oracle Administrator (DBS Operations)
Java Developer
Product Owner
PHP Developer
.NET Developer
Operations Engineer for Data Processing
Application Administrator (Unix/Linux)
Senior Web QA Automation Engineer
Mid .Net Developer
Senior Web QA Engineer
Mid .Net Developer
ASP.NET Developer
Administrator System√≥w
QA Automation Engineer
Programista Backend (PHP)
QA Automation Engineer
QA Automation Engineer
PrestaShop Developer
Business Analyst
Support Engineer
Programista Backend (C#)
Programista Backend (C++/Qt)
Drupal Developer
Drupal Developer
Drupal Developer
PHP Developer
PHP Developer
Frontend developer
Frontend developer
Junior .Net Developer
Junior .Net Developer
Junior .Net Developer
Junior Frontend Developer (Vue.js)
Frontend Developer (Regular/Senior)
PHP Developer
Frontend Web Developer
Frontend Web Developer
Electronics Hardware Production Manager
QA Automation Engineer
Frontend Developer
System Administrator
Junior .NET Developer
Junior .NET Developer
Junior .NET Developer
Frontend Web Developer
Programista Delphi
System Administrator
Junior Java Developer
Junior C# Developer
Junior Magento Developer
Junior Drupal Developer
Junior Shopware Developer
Junior PHP Developer
React Native Developer
Business Customer Support
Junior ecommerce application tester
Help Desk / E-commerce Specialist
Help Desk
Technical Specialist
Technical Specialist
Tester aplikacji mobilnych
Junior Project Manager",Warszawa,PL,ux,partly_remote,junior,2022-06-28T09:08:00.000Z,TRUE,FALSE,1,30,7000,9000,pln,HTML,3,JavaScript,3,CSS,3
"IT Support (German)
Administrator system√≥w IT
React Developer
Tester automatyzujƒÖcy
Junior Java Developer
Junior PHP Developer
Project Manager IT
Project Manager IT
Power BI Specialist
Product Designer (UI/UX)
Incident Manager
Programista Baz Danych
Talent Acquisition Specialist
M365 Automation Specialist
Staff Software Engineer, Monetisation
Senior Android Software Engineer
Senior Software Engineer - JS&PHP
Test Automation Engineer",Krak√≥w,PL,support,remote,junior,2022-10-25T05:43:00.000Z,TRUE,TRUE,1,500,6000,8000,pln,IT Support,2,English,3,German,3
"Engineering Tech Lead
Senior Software Engineer
Senior Full Stack Developer
Engineering Team Lead
Senior Angular Developer
Full-stack Developer
Machine Learning/Data Scientist
Java Developer ‚òïÔ∏è
Engineering Team Leader
Engineering Team Leader
Java Developer
ServiceNow Developer
Android Developer
Android Developer
Backend Developer (Node.js)
Backend Developer (Node.js)
Frontend Developer
.NET Developer
Frontend Developer
Senior Test Automation Engineer
PHP Developer
Senior .NET Developer
Android Developer
iOS Developer
Fullstack .Net Developer
Mobile Developer
Frontend Developer
.NET Developer
Salesforce Developer
Information Security Analyst
Automation Tester
Ruby On Rails Engineer
Back-End Developer (.NET)
.NET Developer
Lead/ Senior React Developer - FinTech
Senior Java Software Engineer
Senior Java Software Engineer
Mid Developer (Java) - IoT
Senior Developer (Java) - IoT
C# Developer (Junior/Mid/Senior)
Mid Full-Stack Web Developer
Senior Full-Stack Web Developer
Senior/ Mid Java Developer
Senior/ Mid QA Engineer - IoT
Senior QA Engineer
Fullstack Developer
Fullstack Developer
PHP Developer
Manual Tester (Mid/Sr)
IT Project Manager
Project Manager
Fullstack Developer
Junior Tester
SAP Joint Venture Accounting (JVA) Lead
DevOps Engineer
Senior Ruby Engineer
Big Data Developer
Mid/Senior Backend Developer (Node.js)
Senior Full Stack Engineer / Tech Lead
Senior Software Engineer - Enterprise
Senior Software Engineer
Java Developer
JUNIOR / MID REMOTE CLOUD DEVELOPER
Senior Data Scientist / AI Engineer
Full Stack Lead Engineer
Senior Angular Frontend Developer
Angular Developer
Quality Assurance Engineer
DevOps Engineer
DevOps Engineer (GCP, Python)
Senior Cloud Engineer
Senior Java/Kotlin Backend-Engineer
Senior Java/Kotlin Backend-Engineer
SAP Data Analyst
Java Developer
Java Software Engineer (Full Stack)
Java Software Engineer (Full Stack)
Software Developer in Test
Senior Java Developer (100% Remote or Hybrid)
Ruby on Rails Engineer
IT Service Specialist
.Net Developer
Azure Specialist
Frontend Developer
Java Developer
Junior Requirements Engineer
Technical Writer
Technical Writer
Frontend Developer
Angular Developer
Software Engineer
Analityk System√≥w/ Architekt System√≥w IT
Software tester
Software Tester
UX Designer
Java Developer (100% Remote or Hybrid)
IT Administrator / Support Specialist
IT Administrator / Support Specialist
Python Developer
Analityk System√≥w/ Architekt System√≥w IT
Remote Fullstack Developer
Fullstack Developer
Mid DevOps Engineer
IT Helpdesk & Network Specialist
Informatyk ze znajomo≈õciƒÖ JS
Data Scientist
ARCHITEKT PROCES√ìW BIZNESOWYCH
Junior Data Engineer
Junior Data Engineer
M≈Çodszy administrator IT
Tester AutomatyzujƒÖcy
Junior python developer
Junior python developer
Tester manualny (Junior/Mid)
Tester manualny (Junior/Mid)
Programista PHP
Junior Software Engineer
Junior Software Engineer
M≈Çodszy Informatyk ze znajomo≈õciƒÖ JS
Programista PHP (Junior)
Junior Dynamics NAV / BC Developer
Senior/Lead Machine Learning Engineer
DevOps Engineer
Senior/Lead DevOps Engineer
.NET Developer
.NET Developer
Java Developer
C++ Software Engineer (Mid/Senior)
C++ Software Engineer (Mid/Senior)
C++ Software Engineer (Mid/Senior)
Full Stack Developer
C++ Developer
Machine Learning Engineer / MLOps
Machine Learning Engineer / MLOps
C++/QT Developer
Android Developer
.NET Developer
DevOps / Administator IT
IT Business and Systems Analyst
IT Business and Systems Analyst
ServiceNow Senior Technical Consultant
ITSM Senior Technical Consultant
ServiceNow Senior Technical Consultant
Cloud Software Developer (JS/ServiceNow)
Cloud Software Developer (JS/ServiceNow)
JavaScript Developer (ServiceNow)
Admin System√≥w i Sieci
iOS Developer
Tester Oprogramowania
PHP Backend Developer
Junior DevOps Engineer
QA manual Tester
Service Desk Specialist
Specjalista ds. IT
Specjalista ds. wsparcia IT
Junior PHP Developer
Junior iOS Developer
Helpdesk Specialist (1st line)
(Junior) IT Support
ServiceNow Junior Technical Consultant
(Junior) Helpdesk Specialist
Junior IT Helpdesk Engineer
Helpdesk Specialist
Junior Quality Assurance Specialist
Data Administrator with German
Junior Hardware Validation Engineer
Junior Hardware Validation Engineer
Junior Hardware Validation Engineer
Junior Hardware Validation Engineer
Junior Helpdesk IT
Technik Elektronik
Junior Embedded C Developer
Junior Embedded Systems Developer
Junior Embedded Systems Developer
Junior Embedded C Developer
Junior Embedded C Developer
Junior Embedded Systems Developer
Junior Embedded Systems Developer
Junior Embedded C Developer
Junior Manual Tester
System Administrator
System Administrator
Mid Angular Developer
Mid Python Developer
Fullstack Developer (PHP, JavaScript)
Senior Frontend Developer - React or Vue
Senior Frontend Developer - React or Vue
Senior/Reg. Backend Developer - Node.js
Senior/Reg. Backend Developer - Node.js
Node.js Backend Engineer (remotely)
Software Engineer (C#)
Mid Frontend Developer
Frontend Developer (Vue.js)
Junior Data Scientist
Junior Software Engineer
Junior Integration Engineer
Junior IT Specialist
Software Tester
Software Tester
Junior Game Designer
Hybrid Cloud Engineer
Magento Developer (PHP)
Fullstack Developer (Angular + .NET)
Data Analytics Expert/Manager
Data Analytics Architect/Manager
Data Analytics Expert/Manager
Technical Project Manager
Data Analytics Expert/Manager
Data Analytics Architect/Manager
Senior UX Designer/UX Manager
Senior UX Designer/UX Manager
Embedded C++ Software Engineer
Mobile C++/3D Software Engineer
Software Engineer - Core Database Engine
Software Engineer - Python
Software Engineer - Core Database Engine
Software Engineer - Python
Data Partnership Manager
DevOps Engineer
Android Software Engineer
Embedded C++ Software Engineer
Software Engineer (Scala/Kotlin/Rust)
DevOps Engineer
Architekt RozwiƒÖza≈Ñ
Architekt RozwiƒÖza≈Ñ
Android Developer
C++ Software Engineer (QT)
C++ Software Engineer
Frontend Developer
QA Engineer / Software Engineer in Test
REMOTE JAVA Developer
.NET Developer
Mid DevOps Engineer
QA Engineer
Frontend Developer
Frontend Developer
Senior UX/UI Designer
IT Procurement Specialist
Node.js/React Engineer
QA Engineer
QA Engineer
QA Engineer
Programista BI (PowerBI/Tableau/Qlik)
REMOTE DevOps Engineer
Kupiec IT/IT Procurement Specialist
Kupiec IT/IT Procurement Specialist
Kupiec IT/IT Procurement Specialist
Cloud Compliance&Security Engineer
Cloud Security&Compliance Engineer
Microsoft Office 365/SharePoint/CRM/.NET
REMOTE Front-end Developer
Front-End Angular Developer
Senior Front-end developer with Vue.js
Programista iOS
Programista C++
Programista iOS
Programista Aplikacji Mobilnych
iOS Test Automation Engineer
Mid Software Engineer in Test - C++
Mid Software Engineer in Test - C++
Analityk Systemowy
In≈ºynier DevOps/Administrator Linux
In≈ºynier DevOps
Programista Android
Programista iOS
Programista iOS
Programista Android
Programista Android
Programista Android
Administrator Linux
Programista Aplikacji Mobilnych
Programista Aplikacji Mobilnych
Administrator Linux/DevOps
Linux Administrator/DevOps
Programista Frontend (Vue)
Programista C++
Administrator Linux
REMOTE Manual or Automation Tester or QA
Delphi/ C#  Developer
M≈Çodszy Kierownik Projekt√≥w
Junior PowerBI/Tableau/Qlik Developer
Junior Cloud Compliance&Sec Engineer
Junior Cloud Sec&Compliance Engineer
Junior Cloud Sec&Compliance Engineer
Junior Cloud Sec&Compliance Engineer
Junior UX Designer/Trainee
M≈Çodszy Programista iOS
M≈Çodszy Programista Android
M≈Çodszy Programista C++
M≈Çodszy Programista iOS
Junior Java Developer
Junior QA Engineer
Junior Frontend Developer
Junior Backend Developer
Machine Learning Engineer
Embedded Software Developer
Back-end Engineer - Node.js
IS Security Engineer
iOS developer ü™ê remote or not-your call
Senior Java Developer
Senior JavaScript Developer
Android Developer
Android Developer
C# Developer
Backend Developer
Backend Developer
App Deployment & Infrastructure Engineer
Remote JavaScript Developer
Remote JavaScript Developer
.NET Developer
Full-stack .NET Developer (remote)
Full-stack .NET Developer (remote)
Programista CC+, EMBEDDED / Robotyk
JavaScript Developer, Tech Leader
C# developer
C# developer
Mistrz JavaScript - choƒá niekoniecznie
Technical Manager
C#/.Net Developer
Tech Lead Backend (Python)
Mid PHP/Symfony Dev | part-time possible
React Frontend Dev
React Frontend Dev
Frontend Developer / Full Stack
Frontend Developer / Full Stack
Test Lead
Web Developer
BI / SQL (Data Warehouse) Developer
Test Engineer
.NET Developer
.NET Developer
IT Business Analyst
IT Project Manager
Business Analyst
Support team leader
Backend Developer with Python
manual tester ü™ê remote or not-your call
Specjalista system√≥w IT
Tester automatyzujƒÖcy
manual tester ü™ê remote or not-your call
Junior C# developer
Junior Backend Developer
IT Support Specialist
Junior Machine Learning Engineer
Magik od system√≥w IT
M≈Çodszy administrator system√≥w IT
Junior IT Administrator
Junior IT Administrator
Junior developer (frontend)
React Native Developer",Warszawa,PL,javascript,partly_remote,senior,2022-11-14T08:02:00.000Z,TRUE,FALSE,5,50,35000,40000,pln,React,1,AWS,1,Node.js,1
"Java Developer / Architect
Java Architect
Senior Frontend Developer
FullStack .Net Developer
Fullstack Python Developer
Game Developer
Game Developer
Magento 2 Developer
Fullstack Developer
Tech Lead .NET
Front-End Developer
Mid/Senior Back-End Developer
Full Stack Developer
Technical Lead .NET
UX Designer
Salesforce Developer
Senior Full Stack Engineer
Salesforce Engineer
Java Developer (with German)
Java Developer
Regular/Senior Data Scientist
(Senior/Regular) Full Stack Engineer
Infrastructure Architect
Senior Java Developer
FrontEnd Developer with Angular
.NET Developer
Java Developer
Senior Backend Developer
Senior DevOps Engineer
Front-end Developer with Angular
Senior Java Developer
Engineering Manager (Mobile)
DevOps Engineer
.NET Backend Developer
.NET Developer
.NET Backend Developer
.NET Developer
Senior Data DevOps Engineer
DevOps Developer
DevOps Developer
DevOps Developer
Senior Fullstack Engineer (Node.js)
Senior Technical Product Owner
Java Developer
Java Developer
Full stack developer
Mid DevOps/Software Engineer
Azure Developer
Azure Engineer
PHP (Symfony) Senior Developer
Senior Java/Kotlin Developer
DevOps Engineer
Senior iOS Developer
Senior React Developer
Senior React Developer
React Developer
Front End Developer (React)
Magento Developer/Architekt E-commerce
Senior Data Engineer
Java Developer
Java Developer
Product Manager Mobile App
BI Consultant/Engineer
DevOps Engineer
C# Developer
.Net Developer
Programista .NET
Programista C#
.NET/C# Developer
Backend Developer
Node.js backend developer
Full Stack Engineer
Java Developer
Remote Backend Developer (.NET)
Front End Developer (ReactJS)
Front End  Developer (ReactJS)
Zastƒôpca Dyrektora IT ds. Operacyjnych
Project Manager
Java Script Developer/ NodeJS
Software Engineer (Backend)
React Developer
React Developer
BACKEND ENGINEER PHP/GO
In≈ºynier Sieci
Integration Engineer
QA Engineer (junior/mid)
Junior Java Developer
Regular Frontend/Vue Developer
Tester Manualny
Tester Manualny
IT Service Specialist
ERP Support Consultant
PHP Developer (Laravel)
PHP Backend Developer
Full Stack PHP Developer
Junior PHP Developer
WordPress Developer
Software Project Manager / Product Owner
Junior PHP Laravel Developer (Wroc≈Çaw)
Java / Frontend Developer
Junior PHP Developer
Konsultant ds. wdro≈ºe≈Ñ systemu ERP
Junior Project Manager
React Developer
Junior java developer
Junior Software Tester
IT Support Specialist
Junior Web Developer
Digital Analyst
Test Engineer
PHP Engineer
JavaScript Engineer
Test Engineer
Informatyk / Administrator IT
M≈Çodszy Administrator IT
Mid Golang Developer
Remote Java Developer
Senior Data Engineer
Java Developer w/ some Angular
Kotlin + Java Developer
C#/.Net Developer
Backend .Net Developer
Backend .Net Developer
RPA Developer
Frontend Developer
Frontend Developer
.NET Developer -Greenfield Project
PHP Developer
Front-End Developer
PHP Developer E-commerce
Administrator system√≥w serwerowych
Junior c++ engineer/ remote
Wsparcie PM w Software house
Junior/Mid PHP Developer
Junior Python Developer
Specjalista ds. wdro≈ºe≈Ñ system√≥w B2B
In≈ºynier wsparcia sieci",Gdynia,PL,java,remote,senior,2022-08-12T11:49:00.000Z,TRUE,TRUE,5,20,20000,25000,pln,Software Architecture,3,Architecture,3,Java,4
"Mid/Senior Frontend Developer
Backend Developer (Mid/Senior)
Mid .NET Developer
Mid .NET Developer
Frontend Developer
QA Engineer
DevOps Virtualization Lead Consultant
DBA Expert
DBA Expert
Python Backend Developer
Junior Python Developer
DevOps Engineer
Mid/Senior Node.js Developer
Mid/Senior QA Engineer
Backend Developer
Senior Backend/Python Engineer
Senior Embedded Firmware Developer
Product Owner
React Native Developer
WordPress Developer
PHP Developer
.NET Developer (Full Stack)
.NET Developer (Full Stack)
FullStack Developer - Nodejs + Vue/React
Programista PHP - Prestashop
Programista PHP - Prestashop
M≈Çodszy programista SQL
Junior Fullstack Developer
Specjalista ds. Wsparcia i Rozwoju
Junior JavaScript developer
Junior Node.js Developer
Junior IT Recruiter
Wsparcie techniczne klienta (Wordpress)",Gda≈Ñsk,PL,javascript,remote,mid,2022-07-31T06:00:09.901Z,TRUE,TRUE,5,15,11000,18000,pln,ReactJS,4,TypeScript,4,JavaScript,4
Web developer - Ruby on Rails,Krak√≥w,PL,ruby,remote,mid,2022-05-05T13:13:26.145Z,TRUE,TRUE,6,8,7000,8500,pln,Ruby,3,Ruby on Rails,3,JavaScript,3
"Mid/Senior .Net Developer
.Net Developer
Junior .Net Developer",Katowice,PL,net,remote,mid,2022-05-11T14:03:58.012Z,TRUE,TRUE,8,16,11000,19000,pln,English,3,Software Architecture,3,.NET C#,4
"Data Scientist
Ruby on Rails Developer
Senior/Mid Backend Developer
IOS Developer
Programista PHP Laravel/Symfony
Fullstack Developer .Net + Angular
Fullstack developer .Net + Angular
Python Developer
Python Developer
Microsoft Senior Cloud Engineer
Programista Flutter
Ruby on Rails Developer
Ruby on Rails Developer
Magento Developer (Backend)
Full Stack PHP Developer
IT Manager
QA Tester / Software Tester
Senior Java Game Developer
Senior Java Game Developer
Java Developer
Java Developer
Koordynator test√≥w / Tester
Remote Scrum Master/Agile Facilitator
Regular PHP Developer
Frontend Developer
C#/.Net Developer
Agile Project Manager
Agile Project Manager
Programista C++
Java Game Developer
Java Game Developer
JUNIOR FRONTEND DEVELOPER
Tester AutomatyzujƒÖcy (Mid)
Tester oprogramowania (Mid)
Specjalista ds. wsparcia dzia≈Çu IT
Junior Java Game Dev
PHP Developer",Pruszk√≥w,PL,data,partly_remote,mid,2022-04-07T14:00:14.277Z,TRUE,FALSE,10,23,16000,24000,pln,Statistics,4,Machine Learning,4,analitycal thinking,4
".NET Developer
DevOps/SysOps
Salesforce Developer
UI/UX Developer
Linux Administrator
Linux Administrator
Digital Analyst
Frontend Developer
Web Developer / WordPress Developer
Junior Application Support Engineer
Junior Software Engineer
Junior Frontend Developer
Junior Support Specialist
Junior Support Specialist
Junior manual tester
Senior PHP Backend Developer
Full Stack Developer
Full Stack Developer
Analityk Internetowy
Programista Python
Junior Front-end Developer
QA Engineer - Koordynator test√≥w
Frontend Developer
Mid/Senior .NET Full-stack Developer
Mid .NET Full-stack Developer
Web Developer / WordPress Developer
IT Support Specialist
IT Project Manager
Junior .NET Developer
Tester / Specjalista ds. wsparcia
DevOps Engineer
Data Management Evangelist
Technical Product Manager (Remote)
Technical Product Manager (Remote)
Product Manager (Remote)
Product Designer (Remote)
React Native Developer
React Native Developer
Metadata Consultant (Product Expert)
iOS Developer
Remote Product Architect (Startup)
Remote Product Architect (Startup)
Software Developer
C# Developer
Technical Product Manager
Software Quality Assurance Engineer
Android Developer
UI/UX Designer
C# Developer (Remote)
C#/.Net Core Backend Developer (Remote)
C# DevExpress Desktop Developer (Remote)
C#/.Net Core Backend Developer (Remote)
SQL Developer (Remote)
Technical Writer (Data)
Technical Content Writer (Data)
QA Engineer with SQL
Customer Support Team Leader (Remote)
Technical Project Manager
QA Engineer
Technical Support Specialist
Junior Metadata Engineer (Remote)
Junior QA Engineer with SQL
Junior C# Parser Developer
Junior C# Developer
Junior BI/Data Engineer (Remote)
Junior .NET Core Developer
Junior Angular Frontend Developer (Remote)
Junior SQL Developer
Junior BI/Data Engineer (Remote)
Junior PHP Developer
Junior Flutter Developer
Junior PHP Developer
Junior Frontend Developer
Junior C#/ANTLR Developer (SQL Parsing)
Junior Product Owner
Junior Project Manager
Junior Project Manager
Junior Technical Support
Junior Troubleshooter
Junior Java Developer
Junior Project Manager
Junior CRM/PHP Developer
Junior UX/UI Designer
Back-end (Node.js) Engineer
QA Engineer",Wroc≈Çaw,PL,net,partly_remote,mid,2022-04-25T13:00:53.224Z,TRUE,FALSE,10,25,10000,15500,pln,Azure,3,SQL,4,.Net,4
React Developer,Warszawa,PL,javascript,remote,mid,2022-04-13T17:00:13.386Z,TRUE,TRUE,11,49,7000,12400,pln,JavaScript,3,TypeScript,3,React,3
"Programista FPGA system√≥w Embedded
Programista Python
Programista Java fullstack
C/C++ Embedded Software Developer
FPGA Developer
Flutter Developer
Junior C/C++ Embedded Developer
Programista FPGA system√≥w Embedded
Senior Site Reliability Engineer
Senior Site Reliability Engineer
Senior Python Software Engineer
Remote Senior Performance Tester
Remote Software Developer Python
Senior/Mid Back-end Engineer (Python)
Senior/Mid Back-end Engineer (Python)
QA Automation Engineer (Cypress)
QA Automation Engineer (Cypress)
Remote Backend Python Developer
Senior Software Engineer .NET
Software Development Engineer
Linux System Administrator
FrontEnd Developer (Angular)
Frontend Developer (Angular)
Frontend Developer (Angular)
NOC - Site Reliability Engineer
NOC - Site Reliability Engineer
Senior Site Reliability Engineer
Junior Software Developer
Senior Data Engineer
Senior Data Engineer
Senior Machine Learning Engineer
Angular Developer (Mid/Senior)
PHP Symfony Developer
PHP Symfony Developer
Data Analyst
Digital Analyst
Frontend / JavaScript Developer
Python Developer
PHP Symfony Developer
PHP Symfony Developer
Frontend Developer (Vue.js)
Backend Python Developer
Web QA Automation Engineer
Web QA Automation Engineer
Programista PHP
Java Developer
Programista Java
Java Developer
Web QA Automation Engineer
Frontend / JavaScript Developer
Tester
Junior+ Wordpress Front-End Developer
Junior+ Wordpress Front-End Developer
Junior+ PHP Symfony Developer
Quality Assurance Specialist
QA Engineer
QA Tester
Software Tester (QA)
Web QA Specialist
Junior Web QA Automation Engineer
IT HelpDesk - BOK Zenbox.pl
Junior Software Test Engineer
Junior Software Test Engineer
Content Writer
Magento Developer
Magento Developer
PHP/JS Developer
PHP Developer
Junior PHP/JS Developer
Junior PHP Developer",Warszawa,PL,c,partly_remote,senior,2022-04-25T07:34:00.000Z,TRUE,FALSE,20,40,9500,19000,pln,Embedded,4,Verilog,4,VHDL,4
"Senior Backend Developer (PHP)
Junior Frontend Developer
JUNIOR-MID PHP DEVELOPER
PHP Software Engineer
DevOps Engineer
Frontend Developer
M≈Çodszy in≈ºynier oprogramowania",Wroc≈Çaw,PL,php,partly_remote,senior,2022-05-20T11:08:00.000Z,TRUE,FALSE,20,35,14000,16000,pln,Symfony,4,MySQL,5,PHP,5
"Python ( Django) Developer
Frontend Developer
Python Software Engineer
Python Software Engineer
UX/UI Designer
Android Developer
Java Mobile Developer
Android Developer
Java Mobile Developer
Konsultant system√≥w ERP
Senior Frontend Developer
Senior Fullstack Developer
Backend Developer | Norwegian company
Fullstack Developer
Frontend Developer
PHP Developer
Ruby on Rails Developer
Senior Automation QA Specialist
Product Owner
Regular/ Senior Project Manager
Ruby on Rails Developer
Software Eng C/C++, wireless protocols
UX Researcher
Software Eng C/C++, wireless protocols
React Native Developer
Regular/Senior UI Designer
Flutter Developer
Mobile Developer
Tester AutomatyzujƒÖcy
Product Administrator
PHP Developer
Manual QA Specialist
Junior Java Developer
Junior PHP Developer
Junior Salesforce Developer
Junior React Developer
Junior PHP Developer
Junior .NET Developer
Junior Data Analyst
Specjalista ds. system√≥w IT
Tester Manualny
Linux System Administrator
LINUX SYSTEM ADMINISTRATOR
LINUX SYSTEM ADMINISTRATOR",Gda≈Ñsk,PL,python,partly_remote,mid,2022-07-29T09:07:00.000Z,TRUE,FALSE,30,60,15000,18000,pln,Django Rest Framework,4,Python,4,Django,4
"QA Engineer
QA Engineer",Krak√≥w,PL,testing,remote,senior,2022-04-27T08:00:16.457Z,TRUE,TRUE,30,65,13000,18000,pln,Linux,1,Selenium,4,Python,4
"Java Backend Developer
Web Developer .Net/C#
Frontend Developer/ React
DevOps Manager/Architect
Senior DevOps Engineer
UX/UI Team Leader
Business Intelligence Analyst
Business Intelligence Analyst
UX Designer ‚Äì eCommerce Department
Microsoft Specialist M365
Business Intelligence Analyst
IT SYSTEM ADMINISTRATOR
Specjalista ds. ciƒÖg≈Ço≈õci dzia≈Çania
Java Full Stack Developer
Software Engineer (Python)
Senior .NET Software Engineer
Senior DevOps Engineer
JS Software Engineer (React)
Java Software Engineer
JS Software Engineer (React)
DevOps Engineer
Software Developer
Software Developer
Full Stack Developer (Angular/NodeJS)
Senior DevOps Engineer
Senior DevOps Engineer
Senior Fullstack .NET Developer
Embedded Software Developer
Embedded Software Developer
Support Engineer
Game Developer
Backend Developer (Java)
üî•React Native Engineer
Senior Frontend Developer (React)
Live Casino Studio Project Manager
üî•Senior .Net Developer (.NET+AWS)
UI Software Developer
General QA
General QA
Senior Web Application Tester
Senior Web Application Tester
QA Engineer (C#)
QA Automation Engineer
IT Systems Administrator
Web Application Tester
Technical Support Engineer
Administrator IT
Backend Java Developer
Senior ServiceDesk Technician
Senior ServiceDesk Technician
Studio Interior Designer and 3D Artist
Gaming Equipment Technician
Head of Software Development
Software Development Manager
Software Development Manager - Data
Software Development Manager - Frontend
Lead Product Manager
Software Development Engineer Forecast
Software Development Engineer - Frontend
Software Development Engineer III ‚Äì Java
Security Engineer III
Software Development Engineer III - Data (Fulfillment)
Software Development Engineer - DevOps
Senior iOS Developer
Senior iOS Developer
Front-end Software Engineer (React TL)
IT Manager
Software Development Engineer II - Frontend
Technical Programme Manager
Software Development Engineer II - Data (Fulfillment)
Product Manager
DevOps Engineer
DevOps Engineer
Senior UX/UI Designer
Product Manager
Software Development Engineer II - Java
C# Software Engineer
Senior .NET Software Engineer
Business Analyst/Project Manager
Business Analyst/Project Manager
Junior Technical Product Owner
Junior .NET Software Engineer
Senior Embedded Developer
PHP Software Engineer
Senior Android Engineer
Senior Android Engineer
Service Continuity Manager
Product Designer
Senior UX Designer
Senior Product Designer
Support Manager
Software Dev Engineer - Test Automation
Front-end Software Engineer (React)
Business Analyst
Junior Infrastructure Engineer
Technical Support Specialist
Technical Support Specialist
IT Administrator
Client Engagement Manager
Junior Client Engagement Manager
Junior Customer Support IT with German
Software Engineer - React Native
Software Engineer - Frontend
Software Engineer - Frontend
Senior Front-end Developer
Senior Back-end Developer
Senior PHP (Magento) Developer
Senior Front-end Developer
PHP Back-end Developer
Front-end Developer
PHP Magento Developer
Product Analyst
Mobile App Analyst
Head of Product Management
Remote Business / System Analyst
DevOps Engineer (AWS)
Senior Front-end Engineer (Angular)
Full Stack WordPress Developer (m/f/d)
WordPress BlockEditor Front-end Developer (m/f/d) - Remote
QA Automation (Python, IoT)
QA Automation (Python, IoT)
Fullstack Developer
Senior Java Developer
Software Quality Engineer (QA)
Software Quality Engineer (QA)
Front-end Engineer (Angular)
PHP Developer
Product designer
Junior SQL Administrator
Junior Full Stack Developer
Java Developer
Junior Bioinformatician
Remote Senior PHP Developer
Remote Senior PHP Developer
Remote Senior PHP Developer
Remote Senior PHP Developer
PHP Developer
Remote Senior Frontend Developer
Remote Atlassian Administrator
Remote Frontend Developer
Remote Frontend Developer
Remote Python Test Automation Engineer
Remote QA Engineer / Software Tester
Remote QA Engineer / Software Tester
Remote JavaScript/WordPress Developer
WordPress DeveloperRemote JavaScript/WordPress Developer
Remote JavaScript/WordPress Developer",Warszawa,PL,java,remote,mid,2022-03-19T13:00:12.914Z,TRUE,TRUE,30,200,12000,18000,pln,Test Driven Development,3,Spring Boot,3,Java,4
"Administrator Us≈Çug Microsoft
Junior Implementation Consultant",Pozna≈Ñ,PL,admin,partly_remote,mid,2022-08-01T07:00:14.570Z,FALSE,FALSE,35,45,5000,10000,pln,Azure,2,Microsoft 365,3,Windows Server,3
"C++ Developer
Data Analyst (They/She/He)
Agile Project Manager (They/She/He)
Angular Developer (Prowly)(They/She/He)
Angular Developer (Prowly)(They/She/He)
Senior Ruby Engineer
Remote Senior DevOps SRE Engineer (Ruby)
Senior Scala Developer
Senior iOS Developer
Blockchain Rust Developer
Senior iOS Developer
Blockchain Rust Developer
Senior Backend Developer
Senior Android Developer
Senior Android Developer
Quality Assurance Engineer (REMOTE)
Senior Front-End Developer (Vue.js)
Magento 2 Developer (Senior)
Senior Frontend Developer (Vue.js)
Magento 2 Developer (Senior)
Frontend Developer (Angular)
Programista Java (Mid)
Programista Java
Programista Java
Programista Java (Mid)
Programista Java
Frontend Developer (Vue.js)
Front-End Developer (Vue.js)
Product Designer
Product Designer
Programista .NET (Mid)
Frontend Developer (Angular)
Programista .NET (Mid)
Programista .NET
Magento 2 Developer (Mid)
Magento 2 Developer (Mid)
Software Quality Assurance - QA
Project Manager
Analityk Systemowy",Warszawa,PL,c,office,mid,2022-03-13T12:00:20.274Z,FALSE,FALSE,40,80,8000,13000,pln,Linux / Unix,3,STL,3,C++11,4
"Senior DevOps Engineer
Tech Lead
iOS Tech Lead
Head of Product
Senior Android Developer [App MODIVO]
Senior IOS Developer [App MODIVO]
Senior Back-end Developer
Senior PHP (Magento) Developer
Android Developer
iOS Developer
Analityk Danych
Scrum Master
PHP Magento Developer
PHP Back-end Developer
Front-end Developer
QA Automation Engineer
Senior iOS Developer
iOS Developer
Android Developer
iOS Developer
iOS Developer
Product Owner
Senior Android Developer
QA Engineer
React Native Developer
Android Developer
React Native Developer
Android Developer
PHP Laravel Developer
React Frontend Developer
Software Developer
Test Engineer
Junior Project Manager
Junior Software Developer
Junior Software Developer
Junior Fullstack Developer
Junior Software Engineer
Junior Software Developer
Junior Software Developer
Junior Software Developer
Junior Software Developer
Junior Software Developer
Junior Software Developer
Junior Software Engineer
Junior Software Developer
Junior Application Engineer
Junior Python Developer
Junior UX/UI Designer
Junior DevOps Engineer
Junior Software Engineer
Junior Software Tester
Junior Software Tester
Junior JavaScript Developer
Junior Software Engineer
Junior Software Developer
Senior Android Developer
Senior Scala Developer
Rust Developer
Backend Developer(ka)
Senior QA Automation Engineer
QA Engineer(ka)
Junior IT Administrator
Junior Backend Developer(ka)
Junior Product Designer",Wroc≈Çaw,PL,devops,remote,senior,2022-03-17T15:00:00.000Z,TRUE,TRUE,50,70,25000,30000,pln,Networks,4,Ansible,4,Linux (Debian),5
"Product Trainer / Writer
Tester manualny
Senior Cloud Security Engineer
Senior Software Engineer
Senior Cloud Security Engineer
Senior Cloud Security Engineer
Senior Software Engineer
üéÆ C++ Game Programmer
Java Tech Lead
Manager - Software Engineering
Hybrid Fullstack Developer
Technical Lead Power BI
GCP Data Engineer
AI Researcher/Data Scientist
Hybrid Senior Java Developer
Expert Azure Architect
DevOps Engineer
Technical Product Manager
Senior Engineer Manager
Enterprise Architect
Golang Developer
REMOTE Azure Data Engineer
DevOps AWS Engineer
Tableau Developer
Senior Java Developer
Qlik Developer
Information Security Risk Manager
C Embedded Developer
Regular & Senior PHP Developer
Tableau Business Analyst
Senior Java Developer
Java / Kotlin Developer
Power BI Developer
IT Business Analyst
Data Analyst
Senior DevOps Engineer
Qlik Developer
Senior Ruby Engineer
C/C++ Engineer
SAP BI Support Consultant
SAP SD + PS Functional Consultant
Senior Android Developer
Android Developer - Senior/Mid
DevOps Engineer - Senior/Mid
In≈ºynier Jako≈õci Oprogramowania (QA)
Game Developer: Frontend JavaScript
QA Team Lead
Fullstack .NET Developer
QA Automation Engineer (Java/JavaScript)
Programista BI
Junior Cyber Threat Analyst
SQL Database Administrator
DevOps Engineer
UI Designer ‚Äì Mid / Regular
Product Designer (UX/UI) ‚Äì Mid / Regular
Android Developer
Product Designer (UX/UI) - Mid/Regular
Android Developer
Front-end developer
Programista Embedded
Macro Strategist Support Engineer
Junior NOC Engineer
Support Monitoring Specialist
Business Analyst
Technical Writer
Android Developer
UI Designer
Junior Fullstack PHP Developer
Junior Business Analyst
Graphic and Animation Designer
Frontend Developer
Business Analyst
Technical Writer - Senior/Mid
Content and Social Media Specialist
IT Support Specialist with German
Android Developer - Junior
Junior Android Developer
Junior Front-end developer
Android Developer
Programista Embedded
IT Support Specialist with French
1st Line Support with French
IT Support Specialist with Italian
IT Support with Czech
IT Support with Slovak
IT Support with Slovenian
1st Line Support with Italian",Pozna≈Ñ,PL,pm,remote,mid,2022-03-20T09:00:20.868Z,TRUE,TRUE,50,250,10000,13000,pln,draw.io,3,Communication Skills,4,English,5
"Frontend Tech Lead
React Mid Developer
Mid React Developer
Ninja React Developer
Junior Project Manager
Junior Project Manager
Senior Product Manager
Head of Delivery & Support
DevOps Engineer (GCP)
Production Support Service Manager
SRE Lead
SRE Lead
Senior Developer .NET
Senior NLP Data Scientist
Senior QA Automation Engineer
Site Reliability Engineer (SRE)
Site Reliability Engineer (SRE)
Site Reliability Engineer (SRE)
NLP Data Scientist
ML Python Developer
Mid/Senior Python Developer
ML Python Developer
Senior Frontend Developer
Senior Magento 2 Developer
Java Developer + Angular (Regular)
DevOps Engineer
Magento 1 Developer
Wordpress Developer
PHP Laravel Developer
PHP Laravel Developer
Python Developer
PHP Laravel Developer
Help Desk / Service Desk Specialist
Help Desk / Service Desk Specialist
M≈Çodszy Programista PHP
Junior Python ML Developer
Junior Frontend Developer
Junior DevOps Engineer
M≈Çodszy Programista .NET
Specjalista Helpdesk",Gliwice,PL,architecture,remote,senior,2022-10-17T16:46:00.000Z,TRUE,TRUE,70,90,18000,26000,pln,English,4,GitHub,4,JavaScript,5
"Python Developer for Data Science / NLP
Fullstack PHP Developer
Python Developer for Data Science / NLP
Programista FullStack
Programista FullStack",Warszawa,PL,python,remote,mid,2022-04-08T15:00:14.472Z,TRUE,TRUE,80,120,8000,12000,pln,Flask,3,Docker,3,Django,4
"Software (Golang) Team Leader
Back End (Golang) Team Leader
Software (C++) Team Leader
Software (C++) Team Leader
Remote FullStack Developer (C#, .Net)
Payment Switch Developer
.NET Developer
Senior Frontend Developer (Node/remote)
Senior Java Developer (remote)
Senior .NET Developer (remote)
System / Application Engineer ‚Äì MES
eCommerce Web Developer
QA Automation Engineer (remote)
Remote DevOps Engineer (GCP/Python)
Remote DevOps Engineer (AWS/Python)
Azure Architect and Administrator
React Native Developer
Remote Android Developer (greenfield)
Remote iOS Developer (mid)
Remote ReactJS Developer (mid)
Remote Junior DevOps
System Administrator
Technical Support Engineer
IT Administrator
IT Operations Spec./2nd Line of Support
Mobile Developer (mid)
SysOPS / DevOPS
Software Tester (Automation)
Software Tester (Automation)
QA Engineer
QA Engineer
IT Service Desk Specialist
Junior JavaScript ServiceNow Developer
Junior JavaScript ServiceNow Developer
Junior Software Engineer",Bydgoszcz,PL,go,remote,senior,2022-10-28T12:10:00.000Z,FALSE,TRUE,100,150,37927.66763,56891.50144,usd,Docker,3,Team Player,5,Go,5
"IT Solution Architect
Mid&Senior Magento Developer",Warszawa,PL,architecture,remote,mid,2022-09-27T12:58:00.000Z,FALSE,TRUE,120,160,20000,24000,pln,Kafka Spark,4,Patroni,4,Postgres,4
"Front-end Developer
Python Developer
NLP Engineer",Krak√≥w,PL,javascript,remote,mid,2022-07-08T08:28:00.000Z,TRUE,TRUE,120,130,17000,19500,pln,Git,3,JavaScript,4,Vue.js,4
"Senior Web Developer AEM (Team Lead)
Senior DevOps Engineer
Cloud Solution/Data Engineer
Cloud (Azure) Data Engineer
Cloud (Azure) Developer
Senior Azure Solution Dev (Data Science)
Senior Azure Solution Designer&Developer
Application Developer (Full Stack)",Warsaw,PL,other,partly_remote,senior,2022-05-17T12:27:00.000Z,TRUE,FALSE,130,140,23000,30000,pln,AEM,4,unknown,0,unknown,0
"In≈ºynier / Administrator LIFERAY
Architekt rozwiƒÖza≈Ñ IT
Architekt rozwiƒÖza≈Ñ IT (ERP Egeria)
Starszy programista Java/Spring - ERP
Starszy programista Angular - ERP
Programista WebMethods
Google Ads Expert
Remote Automotive Software Engineer
Remote Java Developer
Programista Java (ERP)
Programista Frontend - Angular (ERP)
Remote Automotive Software Engineer
Remote Automotive Software Engineer
React Developer with German
Fullstack .NET Developer
Java Developer
Product Owner
Junior Java Developer
Junior Frontend Developer (Angular)
Junior Frontend Developer
Junior Front-end Developer
DevOps Engineer (mid+/senior)
Front-end Developer
Angular Developer
Python Developer
Junior/Mid UX&UI Designer
Junior/Mid UX&UI Designer
Senior Java Developer
Mid Python Developer (Future Fullstack)
Mid Angular Developer (Future Fullstack)
IT Manager
Programista PL/SQL
Programista Java
Mid/Senior QA
Remote iOS Developer
Remote Mid/Senior Frontend Developer
Mid/Senior Java Developer
Java/JEE Programmer
CI/CD Analyst
Regular/Senior Embedded Developer
Senior Python Developer
Quality Assurance Engineer
Remote Regular/Senior Android Developer
Remote Regular/Senior iOS Developer
Senior Software C++ Engineer
Senior Software C++ Engineer
Senior IT Help Desk Specialist
Senior IT Help Desk Specialist
Senior IT Help Desk Specialist
Remote Cyber Security Engineer
Quality Assurance Engineer
Manual QA / Senior Manual QA
Product Owner
Line Manager
Junior Front-end Developer
Junior Angular Developer
Junior Python Developer
UX Researcher
System Specialist
Software C++ Engineer
Software C++ Engineer
Tester Manualny
Junior Cloud Specialist
Junior Cloud Specialist
Junior UX Researcher
Junior Java Developer
Junior Software Developer
Junior Software Engineer
Junior C++ Engineer
Helpdesk Technician
Spec. ds. Edycji Stron Internetowych SEO
M≈Çodszy Specjalista ds. SEO",Rzesz√≥w,PL,other,partly_remote,mid,2022-07-31T10:00:10.728Z,TRUE,FALSE,200,300,20000,25000,pln,Spring,3,HTML,3,Liferay,3
"Engineering Manager
Mid/Senior JavaScript Developer
Senior .Net Developer
.Net Developer
Mid/Senior .Net Developer
DevOps Engineer
Ruby Developer
Ruby Developer
Ruby Developer
System Administrator
Mid/Senior JavaScript Developer
Mid/Senior JavaScript Developer
Mid/Senior JavaScript Developer
Front-end Developer
Front-end Developer
Front-end Developer
Product Support Expert (PL, ENG and GER)
Product Support Expert (PL, ENG and SPA)
Senior Java Developer
Programista Xamarin
Programista Fullstack
Programista BI
Starszy Administrator DWH/BI
System Engineer
Quality Assurance Engineer
Analityk Systemowy / Aplikacyjny
IT Engineer - Tech Support‚Äã",Wroc≈Çaw,PL,pm,remote,senior,2022-11-13T13:00:10.055Z,TRUE,TRUE,200,350,16500,24400,pln,IT,4,unknown,0,unknown,0
"Starszy Programista Fullstack
Programista Fullstack
Analityk Biznesowy
Analityk Systemowy (Hurtownia Danych)
M≈Çodszy Programista SOA/BizTalk
UX/UI Designer",Warszawa,PL,net,remote,senior,2022-10-02T11:00:11.346Z,TRUE,TRUE,200,280,16000,22000,pln,Entity Framework,3,.Net,4,Angular,4
"Starszy Programista Java
Starszy Programista ETL
Architekt IT
Architekt IT
Senior Front-End Developer
Programista Front-End
Architekt CHD (pod hurtownie danych)
Starszy Programista BI
Scrum Master
Programista BI
Programista Front-End
Programista Java
Programista PL/SQL
Programista .NET
Administrator IT ds. Bezpiecze≈Ñstwa
Specjalista ds. Kontroli Zmian i Wdro≈ºe≈Ñ
.NET Developer
.NET Developer
.NET Developer
Tester IT
Service Delivery Coordinator
Spec. ds Wsparcia Proces√≥w Wew. IT
Spec. ds. Wsparcia Proces√≥w Wewnƒôtrznych",Warszawa,PL,java,remote,senior,2022-08-09T14:00:11.911Z,TRUE,TRUE,200,220,15500,22000,pln,JPA,4,Git,4,Java 8+,4
"Starszy Programista Xamarin
Programista Xamarin
Analityk danych",Warszawa,PL,net,partly_remote,senior,2022-03-22T16:04:00.000Z,TRUE,FALSE,200,230,12000,19000,pln,Git,5,.Net,5,C#,5
"Microsoft Platform Specialist
Technical Program Manager ‚Äì Ad Intel
Technical Program Manager ‚Äì Ad Intel
Technical Program Manager‚ÄìAd Intel
Technical Program Manager‚ÄìAd Intel
(Senior) Full-Stack Software Engineer
(Senior) Ruby on Rails Engineer
(Senior) Front End Engineer/ 100% REMOTE
Senior Data Platforms Developer / REMOTE
(Senior) Ruby on Rails Engineer
(Senior) Front End Engineer/ 100% REMOTE
(Senior) Full-Stack Software Engineer
Technical Program Manager
Senior Back End Engr
FullStack Software Engineer (Ruby&React)
Senior Back End Engineer (100% Remote)
DevOps Engineer (CI/CD)
(Senior) Full-Stack Software Engineer
(Senior) Ruby on Rails Engineer
(Senior) Front End Engineer/ 100% REMOTE
Senior Back End Engineer
(Senior) Full-Stack Software Engineer
(Senior) Ruby on Rails Engineer
(Senior) Front End Engineer/ 100% REMOTE
Senior Back End Engineer
Dev Infrastructure & Tooling Engineer
Dev Infrastructure & Tooling Engineer
Software Engineer in Test (SDET)
Fullstack Software Engineer
IT Help Desk Associate
IT Help Desk Associate
Agile Delivery Lead with German",Warszawa,PL,admin,remote,senior,2022-07-01T12:24:00.000Z,TRUE,TRUE,250,400,23000,31000,pln,Endpoint Manager,5,Microsoft Migrations,5,Azure Active Directory,5
Software Engineer (d/f/m),Gda≈Ñsk,PL,c,partly_remote,mid,2022-09-30T09:00:11.806Z,TRUE,FALSE,500,600,18990.7911,34340.5089,eur,Testing,3,English,4,C++,4
"Backend Developer (Golang)
Junior React Native Developer",≈Å√≥d≈∫,PL,go,partly_remote,mid,2022-04-05T11:00:19.791Z,TRUE,FALSE,500,800,14000,17000,pln,Golang,4,Microservices,4,NoSQL,4
"Python Machine Learning Developer
Python Developer
Senior Java Developer
Kierownik Techniczny
Junior Java Developer
Junior Java Developer",Gliwice,PL,python,remote,senior,2022-03-10T07:00:26.926Z,TRUE,TRUE,700,900,13000,16000,pln,OpenCV,4,Machine Learning,4,Python,4
"Team Leader (.NET) - Allegro Pay
Team Leader (.NET)-Allegro Pay
Team Leader (Mobile) - Allegro Smart
Team Leader (.NET)-Allegro Pay
Team Leader (Mobile) - Allegro Smart
Team Leader (.NET)-Allegro Pay
Team Leader (Java/Kotlin)
Team Leader (Java/Kotlin)
.Net Developer
Software Engineer (.NET) - Allegro Pay
Senior DevOps Engineer
Senior Software Engineer (Java/Kotlin)
Senior Software Engineer (Java/Kotlin)
Mobile Software Engineer (Android)
Senior Cloud Engineer-DevOps
Senior Data Engineer ( Data Science Hub)
Senior Data Engineer - Advertising
Senior Software Engineer (Java/Kotlin)
Senior Software Engineer - Python (PTO)
Senior Data Engineer - eCommerce/CDP
Senior Big Data Engineer
Senior Software Engineer (Java/Kotlin)
Senior Software Engineer - Python (PTO)
Senior Big Data Engineer
Senior Data Engineer - eCommerce/CDP
Senior Data Engineer (.NET)-Allegro Pay
Senior Software Engineer (Scala)
Senior Software Engineer (.NET)
Senior Data Engineer (Data Science Hub)
Senior Data Engineer (Data Science Hub)
Senior Software Engineer (.NET)
Senior Data Engineer (.NET)- Allegro Pay
Senior Software Engineer (Big Data Team)
Senior Software Engineer (Python)
Senior RPA Developer
Senior React Developer
Senior Java Developer
Cloud Developer
Senior C++ Developer
Tester (Automation &  Manual)
Performance Test Engineer
Automation Test Engineer
Agile Test Engineer
Database Engineer
Software Engineer (Java/Kotlin)
Software Engineer (.NET) - Allegro Pay
Software Engineer (Python) - Data&AI
Software Engineer (.NET) - Allegro Pay
Mobile Software Engineer (Android)
Mobile Software Engineer (IOS)
Front-end Software Engineer
Mobile Software Engineer (UI)
Software Engineer (Java/Kotlin)
Cloud Engineer-DevOps
Software Engineer (.NET) - Allegro Pay
Software Engineer (Python)
Mobile Software Engineer (iOS)
Cloud Engineer-DevOps
Data Engineer (Data Science Hub)
Mid Data Engineer ( Data Science Hub)
Data Engineer - Advertising
Software Engineer (Java/Kotlin)
Big Data Engineer
Data Engineer - eCommerce/CDP
Software Engineer - Python (PTO)
Software Engineer (.NET) - Allegro Pay
Software Engineer (Java/Kotlin)
Big Data Engineer
Software Engineer (.NET) - Allegro Pay
Software Engineer - Python (PTO)
Data Engineer - eCommerce/CDP
Data Engineer - Allegro Pay
Data Engineer (Data Science Hub)
Data Engineer (Data Science Hub)
Data Engineer - Allegro Pay
Mid Software Engineer (Node.js)
Software Engineer for Big Data Team
Software Engineer (Java/Kotlin)
Software Engineer (Python)
Agile Test Engineer
C++ Backend Developer
C++ Developer
Automation Engineer
C++ Developer
Automation Engineer
Agile Test Engineer in Coredev
Mid Java Developer with Devops skills
Functional Analyst
M≈Çodszy Specjalista / Specjalista ds. system√≥w AIM
M≈Çodszy Analityk IT",Warszawa,PL,net,partly_remote,mid,2022-07-12T16:58:00.000Z,FALSE,FALSE,1001,5000,22400,30000,pln,Communication Skills,3,C#,4,.Net,4
SAP SD Consultant,Warszawa,PL,erp,partly_remote,mid,2022-06-01T09:58:47.340Z,TRUE,FALSE,1500,2000,12000,20000,pln,English,4,SAP,4,SAP SD,4
"Global IT Network & Infra Services Lead
Seller Product Lead
Business Intelligence Lead
Business Intelligence Lead
Production Support Lead
UAT & QA Associate
Application Support with API
Application Support Specialist
SQL database developer
Low-Code Developer",Krak√≥w,PL,admin,remote,senior,2022-04-23T15:00:13.619Z,TRUE,TRUE,5000,10000,25000,30000,pln,CCNP,1,CCNA,1,ITIL,4
Sr. Full-Stack Engineer(JS/TypeScript),Krak√≥w,PL,javascript,remote,senior,2022-08-10T10:12:28.433Z,TRUE,TRUE,6000,7000,16000,27000,pln,TypeScript,3,React,4,JavaScript,4
"Java Developer
iOS Developer
iOS Developer
Android Developer Empik Go
Java Developer
Python Developer (Django) Virtualo",Warszawa,PL,java,remote,mid,2022-08-02T12:00:11.924Z,TRUE,TRUE,,,12000,19000,pln,Microservices,3,Spring,4,Java,4
Backend Software Engineer,Lisboa,PT,scala,remote,senior,2022-04-23T12:00:23.587Z,FALSE,TRUE,11,50,18200.7322,24008.9822,eur,Go,4,Scala,4,unknown,0
Full Stack Developer,Klu≈º-Napoka,RO,javascript,remote,mid,2022-04-19T09:00:19.974Z,TRUE,TRUE,50,100,18225.20948,29823.07007,gbp,TypeScript,3,ReactJS,3,Node.js,3
"Senior Full Stack Engineer (Remote)
Game Developer
Live Casino Studio Project Manager
Studio Interior Designer and 3D Artist
Gaming Equipment Technician",Cluj-Napoca,RO,python,remote,senior,2022-02-26T10:00:16.463Z,FALSE,TRUE,51,200,25556.3,32911.8678,eur,ReactJS,4,Python,5,Django,5
"Frontend Tech Lead (Typescript, React)
Backend Tech Lead (Javascript/ Python)
Sr Backend Engineer (Python/TypeScript)",Bukareszt,RO,javascript,remote,senior,2022-10-27T08:45:00.000Z,TRUE,TRUE,300,400,35688.75,45205.75,eur,JavaScript,3,React,4,TypeScript,4
"Software Engineer - Cloud Infrastructure
Senior Data Engineer
Full-stack engineer",Stockholm,SE,python,remote,senior,2022-09-30T13:00:09.854Z,TRUE,TRUE,30,50,36362.25,53331.3,eur,Prometheus,4,Python,5,Kubernetes,5
"CTO (Chief Technology Officer)
Data Scientist
Mobile Architect
Android Developer
Lead Back End Nodejs Developer
Lead Front End Developer",Singapore,SG,mobile,remote,senior,2022-04-24T09:00:18.598Z,TRUE,TRUE,50,100,47885.14147,65297.92018,usd,Front-End,5,Backend,5,API,5
"Senior Full Stack Developer
Senior Node.js developer
Middle+ Node.js Developer",–•–∞—Ä—å–∫–æ–≤,UA,javascript,remote,senior,2022-07-12T12:34:20.139Z,TRUE,TRUE,50,100,23994.22426,38390.75881,usd,Blockchain,4,Node.js,5,React,5
"Senior Data Engineer
Lead Engineer (Mid-level also available)",San Francisco,US,data,remote,senior,2022-04-26T19:00:15.645Z,TRUE,TRUE,5,10,30472.36275,39178.75211,usd,NoSQL,4,Data Science,4,Python,5
"Backend Software Engineer
Senior Backend Engineer
Software Engineer (Full-Stack)
Support Engineer
Timescale/PostgreSQL Engineer
Data Scientist
Blockchain Engineer (Substrate / Rust)
Senior System Software Engineer
Senior Frontend Engineer
Principal Software Engineer
Fullstack Developer (.NET + Angular)
Database Admin
Project Manager",San Francisco,US,javascript,remote,senior,2022-04-21T14:00:59.504Z,FALSE,TRUE,11,50,54414.93348,90690.10474,usd,MongoDB,4,AWS,5,Node.js,5
"Head of Data Engineering
Full Stack Engineer
Blockchain Engineer
Blockchain Engineer
Software Engineer: Academic Innovation
Lead Full Stack Engineer
DevOps Engineer
Support Engineer
Senior Software Engineer, Back-End
PHP Developer (m/f/d) - Remote",Miami,US,data,remote,senior,2022-05-27T22:26:40.799Z,TRUE,TRUE,50,200,21385.0028,42770.0056,usd,Scala,1,AWS,1,Python,1
Node.js Developer,Southampton,US,devops,remote,mid,2022-05-27T07:43:51.917Z,FALSE,TRUE,50,100,17875.69499,27084.38635,gbp,PostgreSQL,4,Node.js,4,Git,4
"Full Stack Engineer
Product Designer
Frontend Engineer",Fully Remote,US,data,remote,mid,2022-04-18T15:50:00.000Z,TRUE,TRUE,51,300,47158.15795,68924.13135,usd,Elasticsearch,1,Neo4j,1,Our tech stack is Python,1